{"errors":[],"warnings":[],"namedChunkGroups":{"app":{"chunks":[6,5,0,1],"assets":["webpack-runtime-31705a72074c954432b3.js","webpack-runtime-31705a72074c954432b3.js.map","styles.84652ccf5be335755842.css","styles-c73a12d627c38b609629.js","styles-c73a12d627c38b609629.js.map","commons-bdd19eebae1f367a6643.js","commons-bdd19eebae1f367a6643.js.map","app-b024b2c1f314848020d2.js","app-b024b2c1f314848020d2.js.map"],"children":{},"childAssets":{}},"component---src-pages-404-js":{"chunks":[0,2],"assets":["commons-bdd19eebae1f367a6643.js","commons-bdd19eebae1f367a6643.js.map","component---src-pages-404-js-6f02c0fb23d8042cb87d.js","component---src-pages-404-js-6f02c0fb23d8042cb87d.js.map"],"children":{},"childAssets":{}},"component---src-pages-index-js":{"chunks":[0,3],"assets":["commons-bdd19eebae1f367a6643.js","commons-bdd19eebae1f367a6643.js.map","component---src-pages-index-js-115a5ec894ad29ecbeed.js","component---src-pages-index-js-115a5ec894ad29ecbeed.js.map"],"children":{},"childAssets":{}},"component---src-pages-page-2-js":{"chunks":[0,4],"assets":["commons-bdd19eebae1f367a6643.js","commons-bdd19eebae1f367a6643.js.map","component---src-pages-page-2-js-789316aff53418ed8616.js","component---src-pages-page-2-js-789316aff53418ed8616.js.map"],"children":{},"childAssets":{}}},"assetsByChunkName":{"app":["webpack-runtime-31705a72074c954432b3.js","styles.84652ccf5be335755842.css","styles-c73a12d627c38b609629.js","commons-bdd19eebae1f367a6643.js","app-b024b2c1f314848020d2.js"],"component---src-pages-404-js":["commons-bdd19eebae1f367a6643.js","component---src-pages-404-js-6f02c0fb23d8042cb87d.js"],"component---src-pages-index-js":["commons-bdd19eebae1f367a6643.js","component---src-pages-index-js-115a5ec894ad29ecbeed.js"],"component---src-pages-page-2-js":["commons-bdd19eebae1f367a6643.js","component---src-pages-page-2-js-789316aff53418ed8616.js"]}}